,,,,,,,,
,"100K TODAY
 - Ended: Dec 5 2024 - Speakers: 19 - Duration: 2h 33m
",100K TODAY,Dec 5 2024,19,2h 33m,327,PLAY,https://x.com/i/spaces/1eaKbavOLYqxX
,"Banda Web3 - ICP Hub Latam, fomentando la educaci√≥n con ICP
 - Ended: Jan 23 2024 - Speakers: 4 - Duration: 1h 14m
","Banda Web3 - ICP Hub Latam, fomentando la educaci√≥n con ICP",Jan 23 2024,4,1h 14m,90,REPLAY,https://x.com/i/spaces/1lPJqbljglWxb
,"XRC20 - Solscriptions - Ethscriptions - Todo el Alpha
 - Ended: Dec 27 2023 - Speakers: 17 - Duration: 2h 35m
",XRC20 - Solscriptions - Ethscriptions - Todo el Alpha,Dec 27 2023,17,2h 35m,268,REPLAY,https://x.com/i/spaces/1LyxBnmXnzWxN
,"XRC20 $MEXI
 - Ended: Dec 27 2023 - Speakers: 9 - Duration: 45m
",XRC20 $MEXI,Dec 27 2023,9,45m,88,REPLAY,https://x.com/i/spaces/1vOxwjWdZvDJB
,"Open Mic - Parte 2 - 69 segundos para shillear lo que sea
 - Ended: Jul 25 2023 - Speakers: 16 - Duration: 1h 16m
",Open Mic - Parte 2 - 69 segundos para shillear lo que sea,Jul 25 2023,16,1h 16m,73,REPLAY,https://x.com/i/spaces/1BdGYyrpoyvGX
,"Lu, Jes√∫s y Mexi - Threads, todo lo que necesitas saber Parte 2
 - Ended: Jul 6 2023 - Speakers: 9 - Duration: 1h 41m
","Lu, Jes√∫s y Mexi - Threads, todo lo que necesitas saber Parte 2",Jul 6 2023,9,1h 41m,118,REPLAY,https://x.com/i/spaces/1YqKDoqQRQwxV
,"La Abogada, el Economista y El Ingeniero - NFT Show M√©xico Mty
 - Ended: May 18 2023 - Speakers: 20 - Duration: 1h 51m
","La Abogada, el Economista y El Ingeniero - NFT Show M√©xico Mty",May 18 2023,20,1h 51m,126,REPLAY,https://x.com/i/spaces/1YqKDoBgNrkxV
,"El pasado y el futuro de @mxweb3
 - Ended: May 12 2023 - Duration: 52m
","El pasado y el futuro de 
@mxweb3",May 12 2023,-,52m,21,REPLAY,https://x.com/i/spaces/1OyJAVpbMZgxb
,"El Gorila, el Economista y el Ingeniero - TulumCryptoFest/ Eventos Mty
 - Ended: May 9 2023 - Speakers: 9 - Duration: 2h 16m
","El Gorila, el Economista y el Ingeniero - TulumCryptoFest/ Eventos Mty",May 9 2023,9,2h 16m,104,REPLAY,https://x.com/i/spaces/1yNGaNvDpqqJj
,"El Gorila, el Economista y el Ingeniero - Tulum Crypto Fest
 - Ended: May 9 2023 - Duration: 03m
","El Gorila, el Economista y el Ingeniero - Tulum Crypto Fest",May 9 2023,-,3m,15,REPLAY,https://x.com/i/spaces/1zqKVPaZEwpJB
,"Platicame de tu proyecto
 - Ended: Mar 4 2023 - Duration: 32m",Platicame de tu proyecto,Mar 4 2023,-,32m,5,REPLAY,https://x.com/i/spaces/1eaKbrYwPzdKX
,"Platicame de tu proyecto
 - Ended: Mar 4 2023 - Speakers: 9 - Duration: 28m",Platicame de tu proyecto,Mar 4 2023,9,28m,18,REPLAY,https://x.com/i/spaces/1YpJkgnjoqEJj
,"mxweb3 - sesi√≥n de trabajo
 - Ended: Jan 21 2023 - Speakers: 3 - Duration: 1h 43m
",mxweb3 - sesi√≥n de trabajo,Jan 21 2023,3,1h 43m,51,REPLAY,https://x.com/i/spaces/1YqKDoDXjbaxV
,"Sesi√≥n de trabajo en @mxweb3
 - Ended: Dec 22 2022 - Speakers: 2 - Duration: 1h 25m
","Sesi√≥n de trabajo en 
@mxweb3",Dec 22 2022,2,1h 25m,17,REPLAY,https://x.com/i/spaces/1zqJVPkdnbpKB
,"¬øc√≥mo entrevistar a los miembros de equipos de colecciones nuevas?
 - Ended: Dec 16 2022 - Speakers: 6 - Duration: 2h 11m
",¬øc√≥mo entrevistar a los miembros de equipos de colecciones nuevas?,Dec 16 2022,6,2h 11m,35,REPLAY,https://x.com/i/spaces/1mrGmklgzAVxy
,"@mxweb3 sesi√≥n 2 - lluvia de ideas
 - Ended: Dec 15 2022 - Speakers: 7 - Duration: 2h 11m",@mxweb3 sesi√≥n 2 - lluvia de ideas,Dec 15 2022,7,2h 11m,40,REPLAY,https://x.com/i/spaces/1ZkKzXlpbqgJv
,"Brainstorming comunidad @mxweb3
 - Ended: Dec 9 2022 - Duration: 1h 02m","Brainstorming comunidad 
@mxweb3",Dec 9 2022,-,1h 02m,14,REPLAY,https://x.com/i/spaces/1BRKjZoZvpaKw
,"El economista y el ingeniero Ep02
 - Ended: Nov 15 2022 - Speakers: 11 - Duration: 1h 46m
",El economista y el ingeniero Ep02,Nov 15 2022,11,1h 46m,79,REPLAY,https://x.com/i/spaces/1yoJMZgAeBwxQ
,"Caf√© Tacuba Ac√∫stico Live
 - Ended: Nov 13 2022 - Duration: 21m",Caf√© Tacuba Ac√∫stico Live,Nov 13 2022,-,21m,7,REPLAY,https://x.com/i/spaces/1ypKddyNoPLKW
,"AMA #Sub80k y XRC20
 - Ended: Dec 30 2023 - Speakers: 12 - Duration: 1h 59m
",AMA #Sub80k y XRC20,Dec 30 2023,12,1h 59m,293,REPLAY,https://x.com/i/spaces/1BRJjPMOlZeKw
,"El economista y el ingeniero Ep04
 - Ended: Nov 22 2022 - Speakers: 11 - Duration: 1h 51m
",El economista y el ingeniero Ep04,Nov 22 2022,11,1h 51m,60,REPLAY,https://x.com/i/spaces/1zqKVPozepnJB
,"La abogada, el economista y el ingeniero - NFTs @cervezaindio
 - Ended: Dec 15 2022 - Speakers: 6 - Duration: 1h 37m","La abogada, el economista y el ingeniero - NFTs 
@cervezaindio",Dec 15 2022,6,1h 37m,48,REPLAY,https://x.com/i/spaces/1MnGnpjXwjBxO
,"Shill X Space - Proyectos Mexicanos en Gitcoin
 - Ended: Jan 2 2024 - Speakers: 17 - Duration: 2h 12m
",Shill X Space - Proyectos Mexicanos en Gitcoin,Jan 2 2024,17,2h 12m,248,REPLAY,https://x.com/i/spaces/1LyxBnYOjvaxN
,"Open Mic - 69 segundos para shillear lo que sea
 - Ended: Jul 25 2023 - Speakers: 19 - Duration: 59m
",Open Mic - 69 segundos para shillear lo que sea,Jul 25 2023,19,59m,90,REPLAY,https://x.com/i/spaces/1BRJjZPNmzLJw
,"La Abogada y el Ingeniero - Apoyo legal de X a sus usuarios
 - Ended: Aug 10 2023 - Speakers: 10 - Duration: 1h 43m
",La Abogada y el Ingeniero - Apoyo legal de X a sus usuarios,Aug 10 2023,10,1h 43m,54,REPLAY,https://x.com/i/spaces/1BRKjZwRRLBKw
,"Women of Web3 @sandym_c @anananfts - Rifa NFTs
 - Ended: Oct 17 2023 - Speakers: 7 - Duration: 1h 33m","Women of Web3 
@sandym_c 
@anananfts - Rifa NFTs",Oct 17 2023,7,1h 33m,173,REPLAY,https://x.com/i/spaces/1BdGYraLaLZJX
,"Degeniverse en Espa√±ol con @Meximalist @Chulybert y @DegenService
 - Ended: Dec 10 2021 - Speakers: 9 - Duration: 1h 47m
","Degeniverse en Espa√±ol con 
@Meximalist 
@Chulybert y 
@DegenService",Dec 10 2021,9,1h 47m,37,NADA,
,"La Abogada, el Economista y el Ingeniero
 - Ended: Mar 30 2023 - Speakers: 7 - Duration: 1h 42m
","La Abogada, el Economista y el Ingeniero",Mar 30 2023,7,1h 42m,79,REPLAY,https://x.com/i/spaces/1DXGyvEpDOkJM
,"La Abogada, el Economista y el Ingeniero
 - Ended: Feb 23 2023 - Speakers: 9 - Duration: 2h 00m
","La Abogada, el Economista y el Ingeniero",Feb 23 2023,9,2h 00m,99,REPLAY,https://x.com/i/spaces/1DXGyvrrPYvJM
,"El Economista y el Ingeniero - SEC y NFTNYC
 - Ended: Apr 18 2023 - Speakers: 16 - Duration: 3h 11m
",El Economista y el Ingeniero - SEC y NFTNYC,Apr 18 2023,16,3h 11m,141,REPLAY,https://x.com/i/spaces/1DXxyvYQALZKM
,"La Abogada, el Economista y el Ingeniero - Eventos Web3 en M√©xico
 - Ended: Apr 27 2023 - Speakers: 10 - Duration: 2h 15m
","La Abogada, el Economista y el Ingeniero - Eventos Web3 en M√©xico",Apr 27 2023,10,2h 15m,91,REPLAY,https://x.com/i/spaces/1DXxyvaPklbKM
,"¬øC√≥mo lidiar con amenazas, violencia y el doxxeo en la Web3?
 - Ended: Jan 4 2024 - Speakers: 18 - Duration: 2h 34m
","¬øC√≥mo lidiar con amenazas, violencia y el doxxeo en la Web3?",Jan 4 2024,18,2h 34m,530,REPLAY,https://x.com/i/spaces/1LyGBnYRYEkGN
,"El economista y el ingeniero
 - Ended: Nov 10 2022 - Speakers: 16 - Duration: 1h 36m
",El economista y el ingeniero,Nov 10 2022,16,1h 36m,103,REPLAY,https://x.com/i/spaces/1MnGnpbWkBdxO
,"Founders y proyectos que vinieron a Mty
 - Ended: May 25 2023 - Speakers: 2 - Duration: 3h 21m
",Founders y proyectos que vinieron a Mty,May 25 2023,2,3h 21m,230,REPLAY,https://x.com/i/spaces/1LyxBqLjmOoJN
,"La abogada, el economista y el ingeniero Ep08 #ChatGPT
 - Ended: Dec 6 2022 - Speakers: 7 - Duration: 1h 41m","La abogada, el economista y el ingeniero Ep08 #ChatGPT",Dec 6 2022,7,1h 41m,73,REPLAY,https://x.com/i/spaces/1LyxBqZRoZEJN
,"CriptoMaza 2023 de @ExponencialCC 13-15 Enero
 - Ended: Jan 10 2023 - Speakers: 9 - Duration: 55m",CriptoMaza 2023 de @ExponencialCC 13-15 Enero,Jan 10 2023,9,55m,60,REPLAY,https://x.com/i/spaces/1LyxBqbEyDOJN
,"El economista y el ingeniero - ¬øBuenas noticias en los mercados?
 - Ended: Jan 10 2023 - Speakers: 10 - Duration: 1h 45m
",El economista y el ingeniero - ¬øBuenas noticias en los mercados?,Jan 10 2023,10,1h 45m,120,REPLAY,https://x.com/i/spaces/1LyxBqbQPYLJN
,"La abogada, el economista y el ingeniero - Leyes Fintech
 - Ended: Jan 5 2023 - Speakers: 10 - Duration: 1h 39m","La abogada, el economista y el ingeniero - Leyes Fintech",Jan 5 2023,10,1h 39m,77,REPLAY,https://x.com/i/spaces/1LyxBqbpnkLJN
,"Blockchain Land en Monterrey del 5 al 7 de Octubre en Cintermex
 - Ended: Sep 30 2022 - Speakers: 12 - Duration: 1h 48m
",Blockchain Land en Monterrey del 5 al 7 de Octubre en Cintermex,Sep 30 2022,12,1h 48m,117,REPLAY,https://x.com/i/spaces/1LyxBqvevkpJN
,"AMA #Sub80k y XRC20
 - Ended: Dec 30 2023 - Speakers: 12 - Duration: 1h 59m
",AMA #Sub80k y XRC20,Dec 30 2023,12,1h 59m,293,REPLAY,https://x.com/i/spaces/1BRJjPMOlZeKw
,"Banda Web3 - Shitcoin Season
 - Ended: Dec 21 2023 - Speakers: 5 - Duration: 1h 03m
",Banda Web3 - Shitcoin Season,Dec 21 2023,5,1h 03m,88,REPLAY,https://x.com/i/spaces/1mrGmyDAnaMGy
,"La Criptoartista, el Economista y el Ingeniero -Bitcoin/Metaverse
 - Ended: Feb 7 2023 - Speakers: 8 - Duration: 1h 51m
","La Criptoartista, el Economista y el Ingeniero -Bitcoin/Metaverse",Feb 7 2023,8,1h 51m,123,NADA,
,"Banda Web3 - Grants de @Meta_Pool, XRC20 $SUB80K
 - Ended: Jan 25 2024 - Speakers: 5 - Duration: 1h 55m
","Banda Web3 - Grants de 
@Meta_Pool, XRC20 $SUB80K",Jan 25 2024,5,1h 55m,244,REPLAY,https://x.com/i/spaces/1mrGmyDAnaMGy
,"El economista y el ingeniero Ep04
 - Ended: Nov 22 2022 - Speakers: 11 - Duration: 1h 51m
",El economista y el ingeniero Ep04,Nov 22 2022,11,1h 51m,60,REPLAY,https://x.com/i/spaces/1zqKVPozepnJB
,"La Sacerdotisa y el Ingeniero - Vara / CriptoM√©xico / Polkadot Decoded
 - Ended: Jun 20 2023 - Speakers: 18 - Duration: 2h 27m
",La Sacerdotisa y el Ingeniero - Vara / CriptoM√©xico / Polkadot Decoded,Jun 20 2023,18,2h 27m,150,REPLAY,https://x.com/i/spaces/1zqKVPeMvRlJB
,"AMA del Developer Bootcamp con Algorand Foundation
 - Ended: May 17 2023 - Speakers: 3 - Duration: 1h 18m
",AMA del Developer Bootcamp con Algorand Foundation,May 17 2023,3,1h 18m,77,REPLAY,https://x.com/i/spaces/1ypKddvvzMgKW
,"La abogada, el economista y el ingeniero - The Rug Pull Report 2022
 - Ended: Dec 22 2022 - Speakers: 7 - Duration: 1h 55m
","La abogada, el economista y el ingeniero - The Rug Pull Report 2022",Dec 22 2022,7,1h 55m,68,REPLAY,https://x.com/i/spaces/1ypKddMkbAvKW
,"Platicando sobre propiedad intelectual de  (Espa√±ol)
 - Ended: Jun 16 2022 - Speakers: 13 - Duration: 2h 48m
",Platicando sobre propiedad intelectual de (Espa√±ol),Jun 16 2022,13,2h 48m,213,NADA,
,"AMA @openshowmx | Aleks Syntek @syntekoficial habla de Web3
 - Ended: Nov 2 2023 - Speakers: 19 - Duration: 3h 57m
","AMA 
@openshowmx Aleks Syntek 
@syntekoficial habla de Web3",Nov 2 2023,19,3h 57m,872,REPLAY,https://x.com/i/spaces/1ynKOygNzPyJR
,"El DJ, el Economista y el Ingeniero - @brozrdz
 - Ended: Feb 28 2023 - Speakers: 30 - Duration: 4h 14m
","El DJ, el Economista y el Ingeniero - @brozrdz",Feb 28 2023,30,4h 14m,312,REPLAY,https://x.com/i/spaces/1ynJOaWDlYZKR
,"El Economista y el Ingeniero - ¬øShitcoins = Ponzis?
 - Ended: May 16 2023 - Speakers: 22 - Duration: 3h 20m
",El Economista y el Ingeniero - ¬øShitcoins = Ponzis?,May 16 2023,22,3h 20m,374,REPLAY,https://x.com/i/spaces/1ynJOaROEbWKR
,"La Curadora, la Sacerdotisa y el Ingeniero - Eventos en CDMX
 - Ended: Jul 18 2023 - Speakers: 10 - Duration: 2h 30m
","La Curadora, la Sacerdotisa y el Ingeniero - Eventos en CDMX",Jul 18 2023,10,2h 30m,118,REPLAY,https://x.com/i/spaces/1yNGaNNAZqNJj
,"Previo al evento en Monterrey de @MarcusDantusNFT
 - Ended: Nov 22 2022 - Speakers: 11 - Duration: 1h 20m
",Previo al evento en Monterrey de @MarcusDantusNFT,Nov 22 2022,11,1h 20m,71,REPLAY,https://x.com/i/spaces/1yNGaNMeWYVJj
,"El economista y el ingeniero Ep03
 - Ended: Nov 17 2022 - Speakers: 7 - Duration: 1h 30m
",El economista y el ingeniero Ep03,Nov 17 2022,7,1h 30m,62,REPLAY,https://x.com/i/spaces/1yNGaNEgjVNJj
,"NFT Arte y artistas de piezas 1-1. Episodio 05 con @meximalist
 - Ended: Jul 29 2022 - Speakers: 7 - Duration: 2h 37m
",NFT Arte y artistas de piezas 1-1. Episodio 05 con @meximalist,Jul 29 2022,7,2h 37m,73,REPLAY,https://x.com/i/spaces/1vOxwyjNZyPGB
,"Conoce las iniciativas de @Nohbek_oficial y sus fundadoras
 - Ended: Nov 14 2023 - Speakers: 10 - Duration: 2h 06m
",Conoce las iniciativas de @Nohbek_oficial y sus fundadoras,Nov 14 2023,10,2h 06m,146,REPLAY,https://x.com/i/spaces/1vOxwjwYpEmJB
,"Banda Web3 - Nouns, Prop House y Nouns DAO Amigos
 - Ended: Jan 11 2024 - Speakers: 16 - Duration: 2h 11m
","Banda Web3 - Nouns, Prop House y Nouns DAO Amigos",Jan 11 2024,16,2h 11m,222,REPLAY,https://x.com/i/spaces/1vOxwjQjqZEJB
,"El primer examen On Chain del mundo - DEFI
 - Ended: Sep 19 2023 - Speakers: 7 - Duration: 1h 56m",El primer examen On Chain del mundo - DEFI,Sep 19 2023,7,1h 56m,108,REPLAY,https://x.com/i/spaces/1vAGRAQDMnDKl
,"El Contador, el Economista y el Ingeniero - Fed Chair Powell
 - Ended: Mar 7 2023 - Speakers: 6 - Duration: 1h 05m
","El Contador, el Economista y el Ingeniero - Fed Chair Powell",Mar 7 2023,6,1h 05m,64,REPLAY,https://x.com/i/spaces/1rmxPkPmRnMJN
,"La abogada, el economista y el ingeniero
 - Ended: Jan 19 2023 - Speakers: 8 - Duration: 1h 53m
","La abogada, el economista y el ingeniero",Jan 19 2023,8,1h 53m,88,REPLAY,https://x.com/i/spaces/1eaKbrXLknaKX
,"La Abogada, el Economista y el Ingeniero - ¬øFaltan bancos por caer?
 - Ended: Mar 14 2023 - Speakers: 12 - Duration: 2h 12m
Financial servicesBusiness news","La Abogada, el Economista y el Ingeniero - ¬øFaltan bancos por caer?",Mar 14 2023,12,2h 12m,229,REPLAY,https://x.com/i/spaces/1YqKDoRmoPvxV
,"La abogada, el economista y el ingeniero - Ley creadores de contenido
 - Ended: Jan 12 2023 - Speakers: 7 - Duration: 1h 35m
","La abogada, el economista y el ingeniero - Ley creadores de contenido",Jan 12 2023,7,1h 35m,87,REPLAY,https://x.com/i/spaces/1YqKDobEraDxV
,"Entrevista con el equipo de @IvoryInvestors
 - Ended: Dec 18 2021 - Speakers: 6 - Duration: 59m",Entrevista con el equipo de @IvoryInvestors,Dec 18 2021,6,59m,26,NADA,
,"Banda Web3 - Salud Mental con @MotusDao
 - Ended: Dec 19 2023 - Speakers: 9 - Duration: 2h 23m
",Banda Web3 - Salud Mental con @MotusDao,Dec 19 2023,9,2h 23m,240,REPLAY,https://x.com/i/spaces/1YqxoDbbAmvKv
,"El Spaces que necesit√°bamos Ep04 Colecci√≥n @masmonos con @meximalist
 - Ended: Jul 7 2022 - Speakers: 16 - Duration: 2h 47m
",El Spaces que necesit√°bamos Ep04 Colecci√≥n @masmonos con @meximalist,Jul 7 2022,16,2h 47m,153,REPLAY,https://x.com/i/spaces/1YqxoppqvEQKv
,"La Abogada, el Economista y el Ingeniero - Leyes en Europa
 - Ended: Apr 20 2023 - Speakers: 8 - Duration: 2h 21m
","La Abogada, el Economista y el Ingeniero - Leyes en Europa",Apr 20 2023,8,2h 21m,124,REPLAY,https://x.com/i/spaces/1ZkKzXNybMZJv
,"La abogada, el economista y el ingeniero Ep 05
 - Ended: Nov 24 2022 - Speakers: 6 - Duration: 1h 34m
","La abogada, el economista y el ingeniero Ep 05",Nov 24 2022,6,1h 34m,40,REPLAY,https://x.com/i/spaces/1ZkKzXQVvjNJv
,"@Meta_Pool - Gobernanza on-chain y Grants
 - Ended: Nov 16 2023 - Speakers: 4 - Duration: 1h 51m
",@Meta_Pool - Gobernanza on-chain y Grants,Nov 16 2023,4,1h 51m,147,REPLAY,https://x.com/i/spaces/1ZkKzjBykOWKv
,"La Abogada, el Economista y el Ingeniero - Historia del Dinero
 - Ended: Feb 16 2023 - Speakers: 6 - Duration: 1h 41m","La Abogada, el Economista y el Ingeniero - Historia del Dinero",Feb 16 2023,6,1h 41m,75,REPLAY,https://x.com/i/spaces/1dRJZMXMbqmGB
,"La Sacerdotisa, el Economista y el Inge - Rug Show Mx
 - Ended: Jun 6 2023 - Speakers: 2 - Duration: 2h 58m
","La Sacerdotisa, el Economista y el Inge - Rug Show Mx",Jun 6 2023,2,2h 58m,203,REPLAY,https://x.com/i/spaces/1dRKZMQPwZzxB
,"Banda Web3 - ICP Hub Latam, fomentando la educaci√≥n con ICP
 - Ended: Jan 23 2024 - Speakers: 2 - Duration: 08m
","Banda Web3 - ICP Hub Latam, fomentando la educaci√≥n con ICP",Jan 23 2024,2,08m,33,REPLAY,https://x.com/i/spaces/1djGXNkBjkvxZ
,"El Economista, el Looser y el Ingeniero - Noticias y Pre NFTNYC
 - Ended: Apr 11 2023 - Speakers: 13 - Duration: 2h 26m
","El Economista, el Looser y el Ingeniero - Noticias y Pre NFTNYC",Apr 11 2023,13,2h 26m,161,REPLAY,https://x.com/i/spaces/1djGXldQjDOGZ
,"Banda Web3 - Ataque a LEDGER üò≠
 - Ended: Dec 14 2023 - Speakers: 13 - Duration: 1h 23m
",Banda Web3 - Ataque a LEDGER üò≠,Dec 14 2023,13,1h 23m,168,REPLAY,https://x.com/i/spaces/1eaKbgDgNQvGX
,"Banda Web3 - Chismesito con @anaqueenmaker
 - Ended: Dec 5 2023 - Speakers: 5 - Duration: 1h 52m
",Banda Web3 - Chismesito con @anaqueenmaker,Dec 5 2023,5,1h 52m,161,REPLAY,https://x.com/i/spaces/1eaKbgDoNQvGX
,"Eventos en Mty, puentes quemados, @Gitcoin Shill Space
 - Ended: Nov 21 2023 - Speakers: 19 - Duration: 3h 30m
","Eventos en Mty, puentes quemados, @Gitcoin Shill Space",Nov 21 2023,19,3h 30m,360,REPLAY,https://x.com/i/spaces/1eaKbgodvlrGX
,"La abogada, el economista y el ingeniero
 - Ended: Jan 19 2023 - Speakers: 8 - Duration: 1h 53m
","La abogada, el economista y el ingeniero",Jan 19 2023,8,1h 53m,88,REPLAY,https://x.com/i/spaces/1eaKbrXLknaKX
,"Proyectos de la comunidad @mxweb3 y Tertulia Jam de @Happ3nxyz
 - Ended: Nov 28 2023 - Speakers: 9 - Duration: 2h 10m
",Proyectos de la comunidad @mxweb3 y Tertulia Jam de @Happ3nxyz,Nov 28 2023,9,2h 10m,175,REPLAY,https://x.com/i/spaces/1gqGvQmZBDgKB
,"Banda Web3 - Estado del mercado con @granmetanoia y @deLarg0
 - Ended: Dec 12 2023 - Speakers: 7 - Duration: 1h 43m
",Banda Web3 - Estado del mercado con @granmetanoia y @deLarg0,Dec 12 2023,7,1h 43m,169,REPLAY,https://x.com/i/spaces/1gqGvQzEDQeKB
,"Women of Web3 NYC Recap con @Anana @Neefter_
 - Ended: Sep 28 2023 - Speakers: 9 - Duration: 1h 50m
",Women of Web3 NYC Recap con @Anana @Neefter_,Sep 28 2023,9,1h 50m,90,REPLAY,https://x.com/i/spaces/1gqxvQkyovRJB
,"La Sacerdotisa, el Economista y el Inge - CriptoLatinFest/Cetes/$NET
 - Ended: Jun 13 2023 - Speakers: 8 - Duration: 2h 18m
","La Sacerdotisa, el Economista y el Inge - CriptoLatinFest/Cetes/$NET",Jun 13 2023,8,2h 18m,139,REPLAY,https://x.com/i/spaces/1gqxvyEEadeJB
,"Gitcoin Grants #18 @refimexico @antisat_eth @carnescrypto
 - Ended: Aug 24 2023 - Speakers: 5 - Duration: 1h 10m
",Gitcoin Grants #18 @refimexico @antisat_eth @carnescrypto,Aug 24 2023,5,1h 10m,63,REPLAY,https://x.com/i/spaces/1gqxvyjdAZaJB
,"La Contadora, el Economista y el Ingeniero - Regulaci√≥n Cripto
 - Ended: Feb 21 2023 - Speakers: 3 - Duration: 1h 45m
","La Contadora, el Economista y el Ingeniero - Regulaci√≥n Cripto",Feb 21 2023,3,1h 45m,72,REPLAY,https://x.com/i/spaces/1gqxvyqAmBlJB
,"La Abogada, el Economista y el Ingeniero - C√≥digo Civil, SEC, SWIFT
 - Ended: Jun 8 2023 - Speakers: 4 - Duration: 1h 34m
","La Abogada, el Economista y el Ingeniero - C√≥digo Civil, SEC, SWIFT",Jun 8 2023,4,1h 34m,82,REPLAY,https://x.com/i/spaces/1jMJgLQqAVqxL
,"To The Moon - @TheSuperama Live Mint
 - Ended: Nov 3 2023 - Speakers: 8 - Duration: 1h 42m
",To The Moon - @TheSuperama Live Mint,Nov 3 2023,8,1h 42m,129,REPLAY,https://x.com/i/spaces/1jMKgmVZAOeJL
,"Banda Web3 - Caso @0xgonzalo_ con @solencontraluz
 - Ended: Dec 26 2023 - Speakers: 12 - Duration: 2h 30m
",Banda Web3 - Caso @0xgonzalo_ con @solencontraluz,Dec 26 2023,12,2h 30m,260,REPLAY,https://x.com/i/spaces/1kvJpvweVXbKE
,"MegaSpace - MUJ3RES SE VAN A LA ONU
 - Ended: Sep 12 2023 - Speakers: 17 - Duration: 2h 28m
",MegaSpace - MUJ3RES SE VAN A LA ONU,Sep 12 2023,17,2h 28m,217,REPLAY,https://x.com/i/spaces/1lDGLnBkagkxm
,"Emprendimiento Web3 con Zona Tres @lazonatres
 - Ended: Nov 30 2023 - Speakers: 12 - Duration: 2h 19m
",Emprendimiento Web3 con Zona Tres @lazonatres,Nov 30 2023,12,2h 19m,187,REPLAY,https://x.com/i/spaces/1lDxLPDoLzyxm
,"NFTs de artistas latinos y cr√©ditos de carb√≥n con @FivParis @AsesEco
 - Ended: Nov 7 2023 - Speakers: 11 - Duration: 1h 56m",NFTs de artistas latinos y cr√©ditos de carb√≥n con @FivParis @AsesEco,Nov 7 2023,11,1h 56m,337,REPLAY,https://x.com/i/spaces/1lDxLPWXllwxm
,"Mujeres en Web3 - Charla en las Naciones Unidas - Gracias @sandym_c
 - Ended: Aug 8 2023 - Speakers: 15 - Duration: 2h 00m",Mujeres en Web3 - Charla en las Naciones Unidas - Gracias @sandym_c,Aug 8 2023,15,2h 00m,198,REPLAY,https://x.com/i/spaces/1lPKqBOPjqEGb
,"La abogada, el economista y el ingeniero - 2022 y Perspectivas 2023
 - Ended: Jan 3 2023 - Speakers: 9 - Duration: 1h 33m
","La abogada, el economista y el ingeniero - 2022 y Perspectivas 2023",Jan 3 2023,9,1h 33m,59,REPLAY,https://x.com/i/spaces/1lPKqBzvPXeGb
,"Acapulco necesita ayuda. Gitcoin Ronda 19 y #AcapulcoWeb3
 - Ended: Oct 31 2023 - Speakers: 13 - Duration: 2h 09m
",Acapulco necesita ayuda. Gitcoin Ronda 19 y #AcapulcoWeb3,Oct 31 2023,13,2h 09m,198,REPLAY,https://x.com/i/spaces/1lPKqbaAQWbGb
,"La Belga y el Ingeniero - Apoyo Wiki / Marcus Dantus NFT
 - Ended: May 2 2023 - Speakers: 11 - Duration: 1h 38m",La Belga y el Ingeniero - Apoyo Wiki / Marcus Dantus NFT,May 2 2023,11,1h 38m,116,REPLAY,https://x.com/i/spaces/1mnxeROErMoKX
,"El pescador, el economista y el ingeniero Ep06
 - Ended: Nov 29 2022 - Speakers: 10 - Duration: 1h 15m","El pescador, el economista y el ingeniero Ep06",Nov 29 2022,10,1h 15m,71,REPLAY,https://x.com/i/spaces/1mnxeRPLrXPKX
,"El Economista y el Ingeniero
 - Ended: Feb 14 2023 - Speakers: 7 - Duration: 1h 45m",El Economista y el Ingeniero,Feb 14 2023,7,1h 45m,52,REPLAY,https://x.com/i/spaces/1mnxeRWomNaKX
,"Lu, Jes√∫s y Mexi - Threads, todo lo que necesitas saber
 - Ended: Jul 6 2023 - Speakers: 8 - Duration: 42m","Lu, Jes√∫s y Mexi - Threads, todo lo que necesitas saber",Jul 6 2023,8,42m,112,REPLAY,https://x.com/i/spaces/1mnxeRdoypLKX
,"El economista, el pescador y el ingeniero - Rugs IRL y Rugs en Web3
 - Ended: Dec 13 2022 - Speakers: 15 - Duration: 2h 35m","El economista, el pescador y el ingeniero - Rugs IRL y Rugs en Web3",Dec 13 2022,15,2h 35m,94,REPLAY,https://x.com/i/spaces/1mnxeRwZepQKX
,"El economista, el ingeniero y el dropout - Tesla en NL, MX
 - Ended: Dec 20 2022 - Speakers: 21 - Duration: 2h 05m","El economista, el ingeniero y el dropout - Tesla en NL, MX",Dec 20 2022,21,2h 05m,137,REPLAY,https://x.com/i/spaces/1mnxeRwdNLaKX
,"PixHelp de @UNICEFColombia - Arte NFT que ayuda
 - Ended: Nov 9 2023 - Speakers: 8 - Duration: 1h 59m
",PixHelp de @UNICEFColombia - Arte NFT que ayuda,Nov 9 2023,8,1h 59m,180,REPLAY,https://x.com/i/spaces/1mnxepBMbBoJX
,"La artista, el pescador y el ingeniero - c√≥mo entrevistar proyectos?
 - Ended: Jan 31 2023 - Speakers: 17 - Duration: 3h 02m
","La artista, el pescador y el ingeniero - c√≥mo entrevistar proyectos?",Jan 31 2023,17,3h 02m,179,REPLAY,https://x.com/i/spaces/1mrGmkAbZYwxy
,"La Abogada, el Economista y el Ingeniero - #Tesla en Monterrey
 - Ended: Mar 2 2023 - Speakers: 25 - Duration: 2h 41m
","La Abogada, el Economista y el Ingeniero - #Tesla en Monterrey",Mar 2 2023,25,2h 41m,224,REPLAY,https://x.com/i/spaces/1mrGmkgVrnLxy
,"Banda Web3 - Shitcoin Season
 - Ended: Dec 21 2023 - Speakers: 5 - Duration: 1h 03m
",Banda Web3 - Shitcoin Season,Dec 21 2023,5,1h 03m,88,REPLAY,https://x.com/i/spaces/1mrGmyDAnaMGy
,"La Criptoartista, el Economista y el Ingeniero -Bitcoin/Metaverse
 - Ended: Feb 7 2023 - Speakers: 8 - Duration: 1h 51m
","La Criptoartista, el Economista y el Ingeniero -Bitcoin/Metaverse",Feb 7 2023,8,1h 51m,123,NADA,
,"Cripto Latin Fest - Inolvidable
 - Ended: Aug 22 2023 - Speakers: 31 - Duration: 2h 30m
",Cripto Latin Fest - Inolvidable,Aug 22 2023,31,2h 30m,209,REPLAY,https://x.com/i/spaces/1mrxmkPjVPgGy
,"Recap Ethereum M√©xico y Foro Blockchain Qro
 - Ended: Oct 26 2023 - Speakers: 15 - Duration: 2h 38m
",Recap Ethereum M√©xico y Foro Blockchain Qro,Oct 26 2023,15,2h 38m,304,REPLAY,https://x.com/i/spaces/1mrxmypkpnZxy
,"El economista, el profesor y el ingeniero - Tokenizaci√≥n de activos
 - Ended: Jan 24 2023 - Speakers: 4 - Duration: 1h 21m
","El economista, el profesor y el ingeniero - Tokenizaci√≥n de activos",Jan 24 2023,4,1h 21m,55,REPLAY,https://x.com/i/spaces/1nAKErDAqNRGL
,"El Profesor, el Economista y el Ingeniero - Eventos Web3, hay valor?
 - Ended: Apr 25 2023 - Speakers: 21 - Duration: 3h 09m
","El Profesor, el Economista y el Ingeniero - Eventos Web3, hay valor?",Apr 25 2023,21,3h 09m,200,REPLAY,https://x.com/i/spaces/1nAKErQpZrOGL
,"Bitcoin Bitcoin Bitcoin (espa√±ol)
 - Ended: Dec 3 2021 - Speakers: 11 - Duration: 2h 32m
Technology",Bitcoin Bitcoin Bitcoin (espa√±ol),Dec 3 2021,11,2h 32m,106,NADA,
,"El Contador, el Economista y el Ingeniero - Fed Chair Powell
 - Ended: Mar 7 2023 - Speakers: 6 - Duration: 1h 05m
","El Contador, el Economista y el Ingeniero - Fed Chair Powell",Mar 7 2023,6,1h 05m,64,REPLAY,https://x.com/i/spaces/1rmxPkPmRnMJN
,"El primer examen On Chain del mundo - DEFI
 - Ended: Sep 19 2023 - Speakers: 7 - Duration: 1h 56m",El primer examen On Chain del mundo - DEFI,Sep 19 2023,7,1h 56m,108,REPLAY,https://x.com/i/spaces/1vAGRAQDMnDKl
,"La abogada, el economista y el ingeniero - NFTs @cervezaindio
 - Ended: Dec 15 2022 - Speakers: 6 - Duration: 1h 37m","La abogada, el economista y el ingeniero - NFTs @cervezaindio",Dec 15 2022,6,1h 37m,19,REPLAY,https://x.com/i/spaces/1vAGRAWorBaKl
,"La Maestra, el Economista y el Ingeniero - CriptoM√©xico en MTY
 - Ended: May 30 2023 - Speakers: 28 - Duration: 2h 36m
","La Maestra, el Economista y el Ingeniero - CriptoM√©xico en MTY",May 30 2023,28,2h 36m,231,REPLAY,https://x.com/i/spaces/1vAGRAqkrEaKl
,"La abogada, el economista y el ingeniero
 - Ended: Jan 17 2023 - Speakers: 11 - Duration: 2h 00m
","La abogada, el economista y el ingeniero",Jan 17 2023,11,2h 00m,118,REPLAY,https://x.com/i/spaces/1vAxRALjbLrJl
,"Los Ethereans, la Sacerdotisa y el Ingeniero - Phygital
 - Ended: Sep 5 2023 - Speakers: 9 - Duration: 2h 24m
","Los Ethereans, la Sacerdotisa y el Ingeniero - Phygital",Sep 5 2023,9,2h 24m,118,REPLAY,https://x.com/i/spaces/1vAxRAQmPovJl
,"La abogada, el economista y el ingeniero - dominios ens y otros
 - Ended: Feb 2 2023 - Speakers: 16 - Duration: 2h 03m
","La abogada, el economista y el ingeniero - dominios ens y otros",Feb 2 2023,16,2h 03m,131,REPLAY,https://x.com/i/spaces/1vAxRAXdWggJl
,"El Economista y el Ingeniero - Argentina y Milei
 - Ended: Nov 23 2023 - Speakers: 9 - Duration: 1h 21m
",El Economista y el Ingeniero - Argentina y Milei,Nov 23 2023,9,1h 21m,125,REPLAY,https://x.com/i/spaces/1vAxRvleVvYxl
,"La sacerdotisa, la honguitos y el ingeniero - C√≥digos de conducta
 - Ended: Jul 4 2023 - Speakers: 24 - Duration: 2h 59m
","La sacerdotisa, la honguitos y el ingeniero - C√≥digos de conducta",Jul 4 2023,24,2h 59m,154,REPLAY,https://x.com/i/spaces/1vOGwMyeBwbxB
,"Subasta de WL #Sub80k con $MEXI y $Sub80k
 - Ended: Dec 31 2023 - Speakers: 2 - Duration: 2h 17m
",Subasta de WL #Sub80k con $MEXI y $Sub80k,Dec 31 2023,2,2h 17m,106,REPLAY,https://x.com/i/spaces/1vOGwjQDnMgKB
,"Banda Web3 - Grants de @Meta_Pool, XRC20 $SUB80K
 - Ended: Jan 25 2024 - Speakers: 5 - Duration: 1h 55m
","Banda Web3 - Grants de @Meta_Pool, XRC20 $SUB80K",Jan 25 2024,5,1h 55m,244,REPLAY,https://x.com/i/spaces/1vOxwjBpelPJB
,"Banda Web3 - Nouns, Prop House y Nouns DAO Amigos
 - Ended: Jan 11 2024 - Speakers: 16 - Duration: 2h 11m
","Banda Web3 - Nouns, Prop House y Nouns DAO Amigos",Jan 11 2024,16,2h 11m,222,REPLAY,https://x.com/i/spaces/1vOxwjQjqZEJB
,"Conoce las iniciativas de @Nohbek_oficial y sus fundadoras
 - Ended: Nov 14 2023 - Speakers: 10 - Duration: 2h 06m
",Conoce las iniciativas de @Nohbek_oficial y sus fundadoras,Nov 14 2023,10,2h 06m,146,REPLAY,https://x.com/i/spaces/1vOxwjwYpEmJB
,"NFT Arte y artistas de piezas 1-1. Episodio 05 con @meximalist
 - Ended: Jul 29 2022 - Speakers: 7 - Duration: 2h 37m
",NFT Arte y artistas de piezas 1-1. Episodio 05 con @meximalist,Jul 29 2022,7,2h 37m,73,REPLAY,https://x.com/i/spaces/1vOxwyjNZyPGB
,"El economista y el ingeniero Ep03
 - Ended: Nov 17 2022 - Speakers: 7 - Duration: 1h 30m
",El economista y el ingeniero Ep03,Nov 17 2022,7,1h 30m,62,REPLAY,https://x.com/i/spaces/1yNGaNEgjVNJj
,"Previo al evento en Monterrey de @MarcusDantusNFT
 - Ended: Nov 22 2022 - Speakers: 11 - Duration: 1h 20m
",Previo al evento en Monterrey de @MarcusDantusNFT,Nov 22 2022,11,1h 20m,71,REPLAY,https://x.com/i/spaces/1yNGaNMeWYVJj
,"La Curadora, la Sacerdotisa y el Ingeniero - Eventos en CDMX
 - Ended: Jul 18 2023 - Speakers: 10 - Duration: 2h 30m
","La Curadora, la Sacerdotisa y el Ingeniero - Eventos en CDMX",Jul 18 2023,10,2h 30m,118,REPLAY,https://x.com/i/spaces/1yNGaNNAZqNJj
,"El Economista y el Ingeniero - ¬øShitcoins = Ponzis?
 - Ended: May 16 2023 - Speakers: 22 - Duration: 3h 20m
",El Economista y el Ingeniero - ¬øShitcoins = Ponzis?,May 16 2023,22,3h 20m,374,REPLAY,https://x.com/i/spaces/1ynJOaROEbWKR
,"El DJ, el Economista y el Ingeniero - @brozrdz
 - Ended: Feb 28 2023 - Speakers: 30 - Duration: 4h 14m
","El DJ, el Economista y el Ingeniero - @brozrdz",Feb 28 2023,30,4h 14m,312,REPLAY,https://x.com/i/spaces/1ynJOaWDlYZKR
,"AMA @openshowmx | Aleks Syntek @syntekoficial habla de Web3
 - Ended: Nov 2 2023 - Speakers: 19 - Duration: 3h 57m
",AMA @openshowmx | Aleks Syntek @syntekoficial habla de Web3,Nov 2 2023,19,3h 57m,872,REPLAY,https://x.com/i/spaces/1ynKOygNzPyJR
,"Platicando sobre propiedad intelectual de  (Espa√±ol)
 - Ended: Jun 16 2022 - Speakers: 13 - Duration: 2h 48m
",Platicando sobre propiedad intelectual de  (Espa√±ol),Jun 16 2022,13,2h 48m,213,NADA,
,"La abogada, el economista y el ingeniero - The Rug Pull Report 2022
 - Ended: Dec 22 2022 - Speakers: 7 - Duration: 1h 55m
","La abogada, el economista y el ingeniero - The Rug Pull Report 2022",Dec 22 2022,7,1h 55m,68,REPLAY,https://x.com/i/spaces/1ypKddMkbAvKW
,"AMA del Developer Bootcamp con Algorand Foundation
 - Ended: May 17 2023 - Speakers: 3 - Duration: 1h 18m
",AMA del Developer Bootcamp con Algorand Foundation,May 17 2023,3,1h 18m,77,REPLAY,https://x.com/i/spaces/1ypKddvvzMgKW
,"La Sacerdotisa y el Ingeniero - Vara / CriptoM√©xico / Polkadot Decoded
 - Ended: Jun 20 2023 - Speakers: 18 - Duration: 2h 27m
",La Sacerdotisa y el Ingeniero - Vara / CriptoM√©xico / Polkadot Decoded,Jun 20 2023,18,2h 27m,150,REPLAY,https://x.com/i/spaces/1zqKVPeMvRlJB
,"El economista y el ingeniero Ep04
 - Ended: Nov 22 2022 - Speakers: 11 - Duration: 1h 51m
",El economista y el ingeniero Ep04,Nov 22 2022,11,1h 51m,60,REPLAY,https://x.com/i/spaces/1zqKVPozepnJB